text,url
All products,https://books.toscrape.com/index.html
Set Me Free,https://books.toscrape.com/catalogue/set-me-free_988/index.html
"The Coming Woman: A Novel Based on the Life of the Infamous Feminist, Victoria Woodhull",https://books.toscrape.com/catalogue/the-coming-woman-a-novel-based-on-the-life-of-the-infamous-feminist-victoria-woodhull_993/index.html
The Boys in the Boat: Nine Americans and Their Epic Quest for Gold at the 1936 Berlin Olympics,https://books.toscrape.com/catalogue/the-boys-in-the-boat-nine-americans-and-their-epic-quest-for-gold-at-the-1936-berlin-olympics_992/index.html
The Black Maria,https://books.toscrape.com/catalogue/the-black-maria_991/index.html
Sapiens: A Brief History of Humankind,https://books.toscrape.com/catalogue/sapiens-a-brief-history-of-humankind_996/index.html
"Starving Hearts (Triangular Trade Trilogy, #1)",https://books.toscrape.com/catalogue/starving-hearts-triangular-trade-trilogy-1_990/index.html
The Dirty Little Secrets of Getting Your Dream Job,https://books.toscrape.com/catalogue/the-dirty-little-secrets-of-getting-your-dream-job_994/index.html
Shakespeare's Sonnets,https://books.toscrape.com/catalogue/shakespeares-sonnets_989/index.html
Soumission,https://books.toscrape.com/catalogue/soumission_998/index.html
Sharp Objects,https://books.toscrape.com/catalogue/sharp-objects_997/index.html
The Requiem Red,https://books.toscrape.com/catalogue/the-requiem-red_995/index.html
Tipping the Velvet,https://books.toscrape.com/catalogue/tipping-the-velvet_999/index.html
A Light in the Attic,https://books.toscrape.com/catalogue/a-light-in-the-attic_1000/index.html
It's Only the Himalayas,https://books.toscrape.com/catalogue/its-only-the-himalayas_981/index.html
Libertarianism for Beginners,https://books.toscrape.com/catalogue/libertarianism-for-beginners_982/index.html
"Our Band Could Be Your Life: Scenes from the American Indie Underground, 1981-1991",https://books.toscrape.com/catalogue/our-band-could-be-your-life-scenes-from-the-american-indie-underground-1981-1991_985/index.html
Scott Pilgrim's Precious Little Life (Scott Pilgrim #1),https://books.toscrape.com/catalogue/scott-pilgrims-precious-little-life-scott-pilgrim-1_987/index.html
Rip it Up and Start Again,https://books.toscrape.com/catalogue/rip-it-up-and-start-again_986/index.html
Olio,https://books.toscrape.com/catalogue/olio_984/index.html
Mesaerion: The Best Science Fiction Stories 1800-1849,https://books.toscrape.com/catalogue/mesaerion-the-best-science-fiction-stories-1800-1849_983/index.html
Cultural,https://books.toscrape.com/catalogue/category/books/cultural_49/index.html
Crime,https://books.toscrape.com/catalogue/category/books/crime_51/index.html
Erotica,https://books.toscrape.com/catalogue/category/books/erotica_50/index.html
Politics,https://books.toscrape.com/catalogue/category/books/politics_48/index.html
Health,https://books.toscrape.com/catalogue/category/books/health_47/index.html
Suspense,https://books.toscrape.com/catalogue/category/books/suspense_44/index.html
Novels,https://books.toscrape.com/catalogue/category/books/novels_46/index.html
Short Stories,https://books.toscrape.com/catalogue/category/books/short-stories_45/index.html
Self Help,https://books.toscrape.com/catalogue/category/books/self-help_41/index.html
Academic,https://books.toscrape.com/catalogue/category/books/academic_40/index.html
Christian,https://books.toscrape.com/catalogue/category/books/christian_43/index.html
Historical,https://books.toscrape.com/catalogue/category/books/historical_42/index.html
All products,https://books.toscrape.com/catalogue/page-2.html
Biography,https://books.toscrape.com/catalogue/category/books/biography_36/index.html
Spirituality,https://books.toscrape.com/catalogue/category/books/spirituality_39/index.html
Contemporary,https://books.toscrape.com/catalogue/category/books/contemporary_38/index.html
Business,https://books.toscrape.com/catalogue/category/books/business_35/index.html
The Long Shadow of Small Ghosts: Murder and Memory in an American City,https://books.toscrape.com/catalogue/the-long-shadow-of-small-ghosts-murder-and-memory-in-an-american-city_848/index.html
Silence in the Dark (Logan Point #4),https://books.toscrape.com/catalogue/silence-in-the-dark-logan-point-4_542/index.html
Christian Fiction,https://books.toscrape.com/catalogue/category/books/christian-fiction_34/index.html
Amid the Chaos,https://books.toscrape.com/catalogue/amid-the-chaos_788/index.html
Suzie Snowflake: One beautiful flake (a self-esteem story),https://books.toscrape.com/catalogue/suzie-snowflake-one-beautiful-flake-a-self-esteem-story_568/index.html
Thriller,https://books.toscrape.com/catalogue/category/books/thriller_37/index.html
10-Day Green Smoothie Cleanse: Lose Up to 15 Pounds in 10 Days!,https://books.toscrape.com/catalogue/10-day-green-smoothie-cleanse-lose-up-to-15-pounds-in-10-days_581/index.html
"Eat Fat, Get Thin",https://books.toscrape.com/catalogue/eat-fat-get-thin_688/index.html
The Art and Science of Low Carbohydrate Living,https://books.toscrape.com/catalogue/the-art-and-science-of-low-carbohydrate-living_570/index.html
How to Stop Worrying and Start Living,https://books.toscrape.com/catalogue/how-to-stop-worrying-and-start-living_431/index.html
A New Earth: Awakening to Your Life's Purpose,https://books.toscrape.com/catalogue/a-new-earth-awakening-to-your-lifes-purpose_311/index.html
You can't bury them all: Poems,https://books.toscrape.com/catalogue/you-cant-bury-them-all-poems_961/index.html
"The Bulletproof Diet: Lose up to a Pound a Day, Reclaim Energy and Focus, Upgrade Your Life",https://books.toscrape.com/catalogue/the-bulletproof-diet-lose-up-to-a-pound-a-day-reclaim-energy-and-focus-upgrade-your-life_931/index.html
Food and Drink,https://books.toscrape.com/catalogue/category/books/food-and-drink_33/index.html
Equal Is Unfair: America's Misguided Fight Against Income Inequality,https://books.toscrape.com/catalogue/equal-is-unfair-americas-misguided-fight-against-income-inequality_617/index.html
You Are a Badass: How to Stop Doubting Your Greatness and Start Living an Awesome Life,https://books.toscrape.com/catalogue/you-are-a-badass-how-to-stop-doubting-your-greatness-and-start-living-an-awesome-life_508/index.html
Unreasonable Hope: Finding Faith in the God Who Brings Purpose to Your Pain,https://books.toscrape.com/catalogue/unreasonable-hope-finding-faith-in-the-god-who-brings-purpose-to-your-pain_505/index.html
We Are All Completely Beside Ourselves,https://books.toscrape.com/catalogue/we-are-all-completely-beside-ourselves_301/index.html
Someone Like You (The Harrisons #2),https://books.toscrape.com/catalogue/someone-like-you-the-harrisons-2_735/index.html
When We Collided,https://books.toscrape.com/catalogue/when-we-collided_955/index.html
The Activist's Tao Te Ching: Ancient Advice for a Modern Revolution,https://books.toscrape.com/catalogue/the-activists-tao-te-ching-ancient-advice-for-a-modern-revolution_928/index.html
The Rise of Theodore Roosevelt (Theodore Roosevelt #1),https://books.toscrape.com/catalogue/the-rise-of-theodore-roosevelt-theodore-roosevelt-1_276/index.html
If I Gave You God's Phone Number....: Searching for Spirituality in America,https://books.toscrape.com/catalogue/if-i-gave-you-gods-phone-number-searching-for-spirituality-in-america_564/index.html
The Faith of Christopher Hitchens: The Restless Soul of the World's Most Notorious Atheist,https://books.toscrape.com/catalogue/the-faith-of-christopher-hitchens-the-restless-soul-of-the-worlds-most-notorious-atheist_495/index.html
Chasing Heaven: What Dying Taught Me About Living,https://books.toscrape.com/catalogue/chasing-heaven-what-dying-taught-me-about-living_797/index.html
"Setting the World on Fire: The Brief, Astonishing Life of St. Catherine of Siena",https://books.toscrape.com/catalogue/setting-the-world-on-fire-the-brief-astonishing-life-of-st-catherine-of-siena_603/index.html
Louisa: The Extraordinary Life of Mrs. Adams,https://books.toscrape.com/catalogue/louisa-the-extraordinary-life-of-mrs-adams_818/index.html
Benjamin Franklin: An American Life,https://books.toscrape.com/catalogue/benjamin-franklin-an-american-life_460/index.html
"Surely You're Joking, Mr. Feynman!: Adventures of a Curious Character",https://books.toscrape.com/catalogue/surely-youre-joking-mr-feynman-adventures-of-a-curious-character_227/index.html
"The Elegant Universe: Superstrings, Hidden Dimensions, and the Quest for the Ultimate Theory",https://books.toscrape.com/catalogue/the-elegant-universe-superstrings-hidden-dimensions-and-the-quest-for-the-ultimate-theory_245/index.html
"The Disappearing Spoon: And Other True Tales of Madness, Love, and the History of the World from the Periodic Table of the Elements",https://books.toscrape.com/catalogue/the-disappearing-spoon-and-other-true-tales-of-madness-love-and-the-history-of-the-world-from-the-periodic-table-of-the-elements_244/index.html
Counted With the Stars (Out from Egypt #1),https://books.toscrape.com/catalogue/counted-with-the-stars-out-from-egypt-1_463/index.html
If I Run (If I Run #1),https://books.toscrape.com/catalogue/if-i-run-if-i-run-1_174/index.html
Like Never Before (Walker Family #2),https://books.toscrape.com/catalogue/like-never-before-walker-family-2_476/index.html
Food and Drink,https://books.toscrape.com/catalogue/category/books/food-and-drink_33/page-2.html
"Naturally Lean: 125 Nourishing Gluten-Free, Plant-Based Recipes--All Under 300 Calories",https://books.toscrape.com/catalogue/naturally-lean-125-nourishing-gluten-free-plant-based-recipes-all-under-300-calories_479/index.html
Peak: Secrets from the New Science of Expertise,https://books.toscrape.com/catalogue/peak-secrets-from-the-new-science-of-expertise_389/index.html
32 Yolks,https://books.toscrape.com/catalogue/32-yolks_510/index.html
"The Moosewood Cookbook: Recipes from Moosewood Restaurant, Ithaca, New York",https://books.toscrape.com/catalogue/the-moosewood-cookbook-recipes-from-moosewood-restaurant-ithaca-new-york_574/index.html
The Travelers,https://books.toscrape.com/catalogue/the-travelers_285/index.html
Everyday Italian: 125 Simple and Delicious Recipes,https://books.toscrape.com/catalogue/everyday-italian-125-simple-and-delicious-recipes_618/index.html
My Kitchen Year: 136 Recipes That Saved My Life,https://books.toscrape.com/catalogue/my-kitchen-year-136-recipes-that-saved-my-life_646/index.html
Barefoot Contessa Back to Basics,https://books.toscrape.com/catalogue/barefoot-contessa-back-to-basics_667/index.html
Cravings: Recipes for What You Want to Eat,https://books.toscrape.com/catalogue/cravings-recipes-for-what-you-want-to-eat_589/index.html
"A la Mode: 120 Recipes in 60 Pairings: Pies, Tarts, Cakes, Crisps, and More Topped with Ice Cream, Gelato, Frozen Custard, and More",https://books.toscrape.com/catalogue/a-la-mode-120-recipes-in-60-pairings-pies-tarts-cakes-crisps-and-more-topped-with-ice-cream-gelato-frozen-custard-and-more_611/index.html
"The Fabric of the Cosmos: Space, Time, and the Texture of Reality",https://books.toscrape.com/catalogue/the-fabric-of-the-cosmos-space-time-and-the-texture-of-reality_572/index.html
Diary of a Citizen Scientist: Chasing Tiger Beetles and Other New Ways of Engaging the World,https://books.toscrape.com/catalogue/diary-of-a-citizen-scientist-chasing-tiger-beetles-and-other-new-ways-of-engaging-the-world_517/index.html
Barefoot Contessa at Home: Everyday Recipes You'll Make Over and Over Again,https://books.toscrape.com/catalogue/barefoot-contessa-at-home-everyday-recipes-youll-make-over-and-over-again_666/index.html
The Origin of Species,https://books.toscrape.com/catalogue/the-origin-of-species_499/index.html
Tipping Point for Planet Earth: How Close Are We to the Edge?,https://books.toscrape.com/catalogue/tipping-point-for-planet-earth-how-close-are-we-to-the-edge_643/index.html
"It's All Easy: Healthy, Delicious Weeknight Meals in under 30 Minutes",https://books.toscrape.com/catalogue/its-all-easy-healthy-delicious-weeknight-meals-in-under-30-minutes_706/index.html
"Deliciously Ella Every Day: Quick and Easy Recipes for Gluten-Free Snacks, Packed Lunches, and Simple Meals",https://books.toscrape.com/catalogue/deliciously-ella-every-day-quick-and-easy-recipes-for-gluten-free-snacks-packed-lunches-and-simple-meals_801/index.html
Sorting the Beef from the Bull: The Science of Food Fraud Forensics,https://books.toscrape.com/catalogue/sorting-the-beef-from-the-bull-the-science-of-food-fraud-forensics_736/index.html
Hungry Girl Clean & Hungry: Easy All-Natural Recipes for Healthy Eating in the Real World,https://books.toscrape.com/catalogue/hungry-girl-clean-hungry-easy-all-natural-recipes-for-healthy-eating-in-the-real-world_171/index.html
The Grand Design,https://books.toscrape.com/catalogue/the-grand-design_405/index.html
The Help Yourself Cookbook for Kids: 60 Easy Plant-Based Recipes Kids Can Make to Stay Healthy and Save the Earth,https://books.toscrape.com/catalogue/the-help-yourself-cookbook-for-kids-60-easy-plant-based-recipes-kids-can-make-to-stay-healthy-and-save-the-earth_751/index.html
Vegan Vegetarian Omnivore: Dinner for Everyone at the Table,https://books.toscrape.com/catalogue/vegan-vegetarian-omnivore-dinner-for-everyone-at-the-table_297/index.html
Mexican Today: New and Rediscovered Recipes for Contemporary Kitchens,https://books.toscrape.com/catalogue/mexican-today-new-and-rediscovered-recipes-for-contemporary-kitchens_387/index.html
The Power Greens Cookbook: 140 Delicious Superfood Recipes,https://books.toscrape.com/catalogue/the-power-greens-cookbook-140-delicious-superfood-recipes_410/index.html
"The Art of Simple Food: Notes, Lessons, and Recipes from a Delicious Revolution",https://books.toscrape.com/catalogue/the-art-of-simple-food-notes-lessons-and-recipes-from-a-delicious-revolution_229/index.html
The Smitten Kitchen Cookbook,https://books.toscrape.com/catalogue/the-smitten-kitchen-cookbook_281/index.html
How to Be a Domestic Goddess: Baking and the Art of Comfort Cooking,https://books.toscrape.com/catalogue/how-to-be-a-domestic-goddess-baking-and-the-art-of-comfort-cooking_470/index.html
The Epidemic (The Program 0.6),https://books.toscrape.com/catalogue/the-epidemic-the-program-06_636/index.html
Stars Above (The Lunar Chronicles #4.5),https://books.toscrape.com/catalogue/stars-above-the-lunar-chronicles-45_632/index.html
Aristotle and Dante Discover the Secrets of the Universe (Aristotle and Dante Discover the Secrets of the Universe #1),https://books.toscrape.com/catalogue/aristotle-and-dante-discover-the-secrets-of-the-universe-aristotle-and-dante-discover-the-secrets-of-the-universe-1_663/index.html
Better Homes and Gardens New Cook Book,https://books.toscrape.com/catalogue/better-homes-and-gardens-new-cook-book_423/index.html
The Barefoot Contessa Cookbook,https://books.toscrape.com/catalogue/the-barefoot-contessa-cookbook_440/index.html
Immunity: How Elie Metchnikoff Changed the Course of Modern Medicine,https://books.toscrape.com/catalogue/immunity-how-elie-metchnikoff-changed-the-course-of-modern-medicine_900/index.html
The Most Perfect Thing: Inside (and Outside) a Bird's Egg,https://books.toscrape.com/catalogue/the-most-perfect-thing-inside-and-outside-a-birds-egg_938/index.html
Catching Jordan (Hundred Oaks),https://books.toscrape.com/catalogue/catching-jordan-hundred-oaks_673/index.html
Food and Drink,https://books.toscrape.com/catalogue/category/books/food-and-drink_33/page-1.html
How to Cook Everything Vegetarian: Simple Meatless Recipes for Great Food (How to Cook Everything),https://books.toscrape.com/catalogue/how-to-cook-everything-vegetarian-simple-meatless-recipes-for-great-food-how-to-cook-everything_471/index.html
The Cookies & Cups Cookbook: 125+ sweet & savory recipes reminding you to Always Eat Dessert First,https://books.toscrape.com/catalogue/the-cookies-cups-cookbook-125-sweet-savory-recipes-reminding-you-to-always-eat-dessert-first_841/index.html
"Layered: Baking, Building, and Styling Spectacular Cakes",https://books.toscrape.com/catalogue/layered-baking-building-and-styling-spectacular-cakes_904/index.html
Harry Potter and the Prisoner of Azkaban (Harry Potter #3),https://books.toscrape.com/catalogue/harry-potter-and-the-prisoner-of-azkaban-harry-potter-3_328/index.html
Kill the Boy Band,https://books.toscrape.com/catalogue/kill-the-boy-band_381/index.html
An Abundance of Katherines,https://books.toscrape.com/catalogue/an-abundance-of-katherines_362/index.html
Isla and the Happily Ever After (Anna and the French Kiss #3),https://books.toscrape.com/catalogue/isla-and-the-happily-ever-after-anna-and-the-french-kiss-3_380/index.html
The Love and Lemons Cookbook: An Apple-to-Zucchini Celebration of Impromptu Cooking,https://books.toscrape.com/catalogue/the-love-and-lemons-cookbook-an-apple-to-zucchini-celebration-of-impromptu-cooking_849/index.html
The Nerdy Nummies Cookbook: Sweet Treats for the Geek in All of Us,https://books.toscrape.com/catalogue/the-nerdy-nummies-cookbook-sweet-treats-for-the-geek-in-all-of-us_853/index.html
Walk the Edge (Thunder Road #2),https://books.toscrape.com/catalogue/walk-the-edge-thunder-road-2_300/index.html
"Mama Tried: Traditional Italian Cooking for the Screwed, Crude, Vegan, and Tattooed",https://books.toscrape.com/catalogue/mama-tried-traditional-italian-cooking-for-the-screwed-crude-vegan-and-tattooed_908/index.html
My Paris Kitchen: Recipes and Stories,https://books.toscrape.com/catalogue/my-paris-kitchen-recipes-and-stories_910/index.html
Until Friday Night (The Field Party #1),https://books.toscrape.com/catalogue/until-friday-night-the-field-party-1_775/index.html
This Is Where It Ends,https://books.toscrape.com/catalogue/this-is-where-it-ends_771/index.html
The Darkest Lie,https://books.toscrape.com/catalogue/the-darkest-lie_747/index.html
Don't Get Caught,https://books.toscrape.com/catalogue/dont-get-caught_687/index.html
"The Pioneer Woman Cooks: Dinnertime: Comfort Classics, Freezer Food, 16-Minute Meals, and Other Delicious Ways to Solve Supper!",https://books.toscrape.com/catalogue/the-pioneer-woman-cooks-dinnertime-comfort-classics-freezer-food-16-minute-meals-and-other-delicious-ways-to-solve-supper_943/index.html
Wild Swans,https://books.toscrape.com/catalogue/wild-swans_782/index.html
The Guns of August,https://books.toscrape.com/catalogue/the-guns-of-august_254/index.html
"House of Lost Worlds: Dinosaurs, Dynasties, and the Story of Life on Earth",https://books.toscrape.com/catalogue/house-of-lost-worlds-dinosaurs-dynasties-and-the-story-of-life-on-earth_170/index.html
My Kind of Crazy,https://books.toscrape.com/catalogue/my-kind-of-crazy_718/index.html
Lola and the Boy Next Door (Anna and the French Kiss #2),https://books.toscrape.com/catalogue/lola-and-the-boy-next-door-anna-and-the-french-kiss-2_385/index.html
Far From True (Promise Falls Trilogy #2),https://books.toscrape.com/catalogue/far-from-true-promise-falls-trilogy-2_320/index.html
The Bone Hunters (Lexy Vaughan & Steven Macaulay #2),https://books.toscrape.com/catalogue/the-bone-hunters-lexy-vaughan-steven-macaulay-2_343/index.html
The Darkest Corners,https://books.toscrape.com/catalogue/the-darkest-corners_399/index.html
"Will Grayson, Will Grayson (Will Grayson, Will Grayson)",https://books.toscrape.com/catalogue/will-grayson-will-grayson-will-grayson-will-grayson_419/index.html
Where She Went (If I Stay #2),https://books.toscrape.com/catalogue/where-she-went-if-i-stay-2_417/index.html
Two Summers,https://books.toscrape.com/catalogue/two-summers_415/index.html
Tell Me Three Things,https://books.toscrape.com/catalogue/tell-me-three-things_395/index.html
Seven Brief Lessons on Physics,https://books.toscrape.com/catalogue/seven-brief-lessons-on-physics_219/index.html
The Selfish Gene,https://books.toscrape.com/catalogue/the-selfish-gene_81/index.html
The Hiding Place,https://books.toscrape.com/catalogue/the-hiding-place_406/index.html
A Fierce and Subtle Poison,https://books.toscrape.com/catalogue/a-fierce-and-subtle-poison_875/index.html
The Mathews Men: Seven Brothers and the War Against Hitler's U-boats,https://books.toscrape.com/catalogue/the-mathews-men-seven-brothers-and-the-war-against-hitlers-u-boats_408/index.html
Burning,https://books.toscrape.com/catalogue/burning_884/index.html
America's War for the Greater Middle East: A Military History,https://books.toscrape.com/catalogue/americas-war-for-the-greater-middle-east-a-military-history_361/index.html
Scarlett Epstein Hates It Here,https://books.toscrape.com/catalogue/scarlett-epstein-hates-it-here_828/index.html
Catherine the Great: Portrait of a Woman,https://books.toscrape.com/catalogue/catherine-the-great-portrait-of-a-woman_424/index.html
A Short History of Nearly Everything,https://books.toscrape.com/catalogue/a-short-history-of-nearly-everything_457/index.html
"Nightingale, Sing",https://books.toscrape.com/catalogue/nightingale-sing_823/index.html
Library of Souls (Miss Peregrine’s Peculiar Children #3),https://books.toscrape.com/catalogue/library-of-souls-miss-peregrines-peculiar-children-3_816/index.html
Tell the Wolves I'm Home,https://books.toscrape.com/catalogue/tell-the-wolves-im-home_439/index.html
My Life Next Door (My Life Next Door ),https://books.toscrape.com/catalogue/my-life-next-door-my-life-next-door_535/index.html
South of Sunshine,https://books.toscrape.com/catalogue/south-of-sunshine_544/index.html
Future Shock (Future Shock #1),https://books.toscrape.com/catalogue/future-shock-future-shock-1_519/index.html
The Rise and Fall of the Third Reich: A History of Nazi Germany,https://books.toscrape.com/catalogue/the-rise-and-fall-of-the-third-reich-a-history-of-nazi-germany_454/index.html
Nightstruck: A Novel,https://books.toscrape.com/catalogue/nightstruck-a-novel_480/index.html
Frostbite (Vampire Academy #2),https://books.toscrape.com/catalogue/frostbite-vampire-academy-2_810/index.html
Killing Floor (Jack Reacher #1),https://books.toscrape.com/catalogue/killing-floor-jack-reacher-1_382/index.html
Don't Forget Steven,https://books.toscrape.com/catalogue/dont-forget-steven_561/index.html
Give It Back,https://books.toscrape.com/catalogue/give-it-back_430/index.html
The Matchmaker's Playbook (Wingmen Inc. #1),https://books.toscrape.com/catalogue/the-matchmakers-playbook-wingmen-inc-1_850/index.html
The Hook Up (Game On #1),https://books.toscrape.com/catalogue/the-hook-up-game-on-1_68/index.html
1491: New Revelations of the Americas Before Columbus,https://books.toscrape.com/catalogue/1491-new-revelations-of-the-americas-before-columbus_650/index.html
Shameless,https://books.toscrape.com/catalogue/shameless_52/index.html
Off Sides (Off #1),https://books.toscrape.com/catalogue/off-sides-off-1_38/index.html
The Natural History of Us (The Fine Art of Pretending #2),https://books.toscrape.com/catalogue/the-natural-history-of-us-the-fine-art-of-pretending-2_941/index.html
Obsidian (Lux #1),https://books.toscrape.com/catalogue/obsidian-lux-1_911/index.html
The Alien Club,https://books.toscrape.com/catalogue/the-alien-club_569/index.html
Thomas Jefferson and the Tripoli Pirates: The Forgotten War That Changed American History,https://books.toscrape.com/catalogue/thomas-jefferson-and-the-tripoli-pirates-the-forgotten-war-that-changed-american-history_867/index.html
A Distant Mirror: The Calamitous 14th Century,https://books.toscrape.com/catalogue/a-distant-mirror-the-calamitous-14th-century_652/index.html
Brilliant Beacons: A History of the American Lighthouse,https://books.toscrape.com/catalogue/brilliant-beacons-a-history-of-the-american-lighthouse_515/index.html
"""Most Blessed of the Patriarchs"": Thomas Jefferson and the Empire of the Imagination",https://books.toscrape.com/catalogue/most-blessed-of-the-patriarchs-thomas-jefferson-and-the-empire-of-the-imagination_509/index.html
Ash,https://books.toscrape.com/catalogue/ash_123/index.html
Darkfever (Fever #1),https://books.toscrape.com/catalogue/darkfever-fever-1_145/index.html
No Love Allowed (Dodge Cove #1),https://books.toscrape.com/catalogue/no-love-allowed-dodge-cove-1_625/index.html
Zealot: The Life and Times of Jesus of Nazareth,https://books.toscrape.com/catalogue/zealot-the-life-and-times-of-jesus-of-nazareth_785/index.html
"Exit, Pursued by a Bear",https://books.toscrape.com/catalogue/exit-pursued-by-a-bear_591/index.html
The 14th Colony (Cotton Malone #11),https://books.toscrape.com/catalogue/the-14th-colony-cotton-malone-11_744/index.html
You (You #1),https://books.toscrape.com/catalogue/you-you-1_784/index.html
The Guilty (Will Robie #4),https://books.toscrape.com/catalogue/the-guilty-will-robie-4_750/index.html
A Storm of Swords (A Song of Ice and Fire #3),https://books.toscrape.com/catalogue/a-storm-of-swords-a-song-of-ice-and-fire-3_116/index.html
Rework,https://books.toscrape.com/catalogue/rework_212/index.html
Searching for Meaning in Gailana,https://books.toscrape.com/catalogue/searching-for-meaning-in-gailana_648/index.html
"Unbound: How Eight Technologies Made Us Human, Transformed Society, and Brought Our World to the Brink",https://books.toscrape.com/catalogue/unbound-how-eight-technologies-made-us-human-transformed-society-and-brought-our-world-to-the-brink_950/index.html
The Age of Genius: The Seventeenth Century and the Birth of the Modern Mind,https://books.toscrape.com/catalogue/the-age-of-genius-the-seventeenth-century-and-the-birth-of-the-modern-mind_929/index.html
"Political Suicide: Missteps, Peccadilloes, Bad Calls, Backroom Hijinx, Sordid Pasts, Rotten Breaks, and Just Plain Dumb Mistakes in the Annals of American Politics",https://books.toscrape.com/catalogue/political-suicide-missteps-peccadilloes-bad-calls-backroom-hijinx-sordid-pasts-rotten-breaks-and-just-plain-dumb-mistakes-in-the-annals-of-american-politics_917/index.html
The Star-Touched Queen,https://books.toscrape.com/catalogue/the-star-touched-queen_642/index.html
Eragon (The Inheritance Cycle #1),https://books.toscrape.com/catalogue/eragon-the-inheritance-cycle-1_153/index.html
The Rose & the Dagger (The Wrath and the Dawn #2),https://books.toscrape.com/catalogue/the-rose-the-dagger-the-wrath-and-the-dawn-2_278/index.html
Soldier (Talon #3),https://books.toscrape.com/catalogue/soldier-talon-3_222/index.html
Midnight Riot (Peter Grant/ Rivers of London - books #1),https://books.toscrape.com/catalogue/midnight-riot-peter-grant-rivers-of-london-books-1_194/index.html
Heir to the Sky,https://books.toscrape.com/catalogue/heir-to-the-sky_166/index.html
The Stand,https://books.toscrape.com/catalogue/the-stand_282/index.html
Harry Potter and the Chamber of Secrets (Harry Potter #2),https://books.toscrape.com/catalogue/harry-potter-and-the-chamber-of-secrets-harry-potter-2_325/index.html
The Girl with All the Gifts,https://books.toscrape.com/catalogue/the-girl-with-all-the-gifts_250/index.html
A Shard of Ice (The Black Symphony Saga #1),https://books.toscrape.com/catalogue/a-shard-of-ice-the-black-symphony-saga-1_558/index.html
House of Leaves,https://books.toscrape.com/catalogue/house-of-leaves_169/index.html
King's Folly (The Kinsman Chronicles #1),https://books.toscrape.com/catalogue/kings-folly-the-kinsman-chronicles-1_473/index.html
The Mistake (Off-Campus #2),https://books.toscrape.com/catalogue/the-mistake-off-campus-2_851/index.html
Without Borders (Wanderlove #1),https://books.toscrape.com/catalogue/without-borders-wanderlove-1_956/index.html
The Lean Startup: How Today's Entrepreneurs Use Continuous Innovation to Create Radically Successful Businesses,https://books.toscrape.com/catalogue/the-lean-startup-how-todays-entrepreneurs-use-continuous-innovation-to-create-radically-successful-businesses_260/index.html
"Rich Dad, Poor Dad",https://books.toscrape.com/catalogue/rich-dad-poor-dad_483/index.html
The E-Myth Revisited: Why Most Small Businesses Don't Work and What to Do About It,https://books.toscrape.com/catalogue/the-e-myth-revisited-why-most-small-businesses-dont-work-and-what-to-do-about-it_545/index.html
The Star-Touched Queen,https://books.toscrape.com/catalogue/the-star-touched-queen_764/index.html
Misery,https://books.toscrape.com/catalogue/misery_332/index.html
Harry Potter and the Half-Blood Prince (Harry Potter #6),https://books.toscrape.com/catalogue/harry-potter-and-the-half-blood-prince-harry-potter-6_326/index.html
The Demonists (Demonist #1),https://books.toscrape.com/catalogue/the-demonists-demonist-1_345/index.html
Paper and Fire (The Great Library #2),https://books.toscrape.com/catalogue/paper-and-fire-the-great-library-2_339/index.html
The Beast (Black Dagger Brotherhood #14),https://books.toscrape.com/catalogue/the-beast-black-dagger-brotherhood-14_342/index.html
Harry Potter and the Order of the Phoenix (Harry Potter #5),https://books.toscrape.com/catalogue/harry-potter-and-the-order-of-the-phoenix-harry-potter-5_327/index.html
It,https://books.toscrape.com/catalogue/it_330/index.html
'Salem's Lot,https://books.toscrape.com/catalogue/salems-lot_309/index.html
Dracula the Un-Dead,https://books.toscrape.com/catalogue/dracula-the-un-dead_370/index.html
A Feast for Crows (A Song of Ice and Fire #4),https://books.toscrape.com/catalogue/a-feast-for-crows-a-song-of-ice-and-fire-4_357/index.html
Night Shift (Night Shift #1-20),https://books.toscrape.com/catalogue/night-shift-night-shift-1-20_335/index.html
Needful Things,https://books.toscrape.com/catalogue/needful-things_334/index.html
The Hidden Oracle (The Trials of Apollo #1),https://books.toscrape.com/catalogue/the-hidden-oracle-the-trials-of-apollo-1_752/index.html
The Bane Chronicles (The Bane Chronicles #1-11),https://books.toscrape.com/catalogue/the-bane-chronicles-the-bane-chronicles-1-11_746/index.html
Island of Dragons (Unwanteds #7),https://books.toscrape.com/catalogue/island-of-dragons-unwanteds-7_705/index.html
Demigods & Magicians: Percy and Annabeth Meet the Kanes (Percy Jackson & Kane Chronicles Crossover #1-3),https://books.toscrape.com/catalogue/demigods-magicians-percy-and-annabeth-meet-the-kanes-percy-jackson-kane-chronicles-crossover-1-3_685/index.html
City of Glass (The Mortal Instruments #3),https://books.toscrape.com/catalogue/city-of-glass-the-mortal-instruments-3_678/index.html
Born for This: How to Find the Work You Were Meant to Do,https://books.toscrape.com/catalogue/born-for-this-how-to-find-the-work-you-were-meant-to-do_588/index.html
Psycho: Sanitarium (Psycho #1.5),https://books.toscrape.com/catalogue/psycho-sanitarium-psycho-15_628/index.html
Can You Keep a Secret? (Fear Street Relaunch #4),https://books.toscrape.com/catalogue/can-you-keep-a-secret-fear-street-relaunch-4_614/index.html
Tell the Wind and Fire,https://books.toscrape.com/catalogue/tell-the-wind-and-fire_396/index.html
Red Dragon (Hannibal Lecter #1),https://books.toscrape.com/catalogue/red-dragon-hannibal-lecter-1_390/index.html
Crown of Midnight (Throne of Glass #2),https://books.toscrape.com/catalogue/crown-of-midnight-throne-of-glass-2_888/index.html
"Avatar: The Last Airbender: Smoke and Shadow, Part 3 (Smoke and Shadow #3)",https://books.toscrape.com/catalogue/avatar-the-last-airbender-smoke-and-shadow-part-3-smoke-and-shadow-3_881/index.html
Every Heart a Doorway (Every Heart A Doorway #1),https://books.toscrape.com/catalogue/every-heart-a-doorway-every-heart-a-doorway-1_465/index.html
A Gathering of Shadows (Shades of Magic #2),https://books.toscrape.com/catalogue/a-gathering-of-shadows-shades-of-magic-2_456/index.html
Pet Sematary,https://books.toscrape.com/catalogue/pet-sematary_726/index.html
The Loney,https://books.toscrape.com/catalogue/the-loney_756/index.html
Find Her (Detective D.D. Warren #8),https://books.toscrape.com/catalogue/find-her-detective-dd-warren-8_373/index.html
The Raven Boys (The Raven Cycle #1),https://books.toscrape.com/catalogue/the-raven-boys-the-raven-cycle-1_411/index.html
Doctor Sleep (The Shining #2),https://books.toscrape.com/catalogue/doctor-sleep-the-shining-2_686/index.html
The False Prince (The Ascendance Trilogy #1),https://books.toscrape.com/catalogue/the-false-prince-the-ascendance-trilogy-1_402/index.html
A Court of Thorns and Roses (A Court of Thorns and Roses #1),https://books.toscrape.com/catalogue/a-court-of-thorns-and-roses-a-court-of-thorns-and-roses-1_874/index.html
Throne of Glass (Throne of Glass #1),https://books.toscrape.com/catalogue/throne-of-glass-throne-of-glass-1_868/index.html
The Glittering Court (The Glittering Court #1),https://books.toscrape.com/catalogue/the-glittering-court-the-glittering-court-1_845/index.html
Hollow City (Miss Peregrine’s Peculiar Children #2),https://books.toscrape.com/catalogue/hollow-city-miss-peregrines-peculiar-children-2_813/index.html
The Art of Startup Fundraising,https://books.toscrape.com/catalogue/the-art-of-startup-fundraising_606/index.html
Quench Your Own Thirst: Business Lessons Learned Over a Beer or Two,https://books.toscrape.com/catalogue/quench-your-own-thirst-business-lessons-learned-over-a-beer-or-two_629/index.html
Made to Stick: Why Some Ideas Survive and Others Die,https://books.toscrape.com/catalogue/made-to-stick-why-some-ideas-survive-and-others-die_715/index.html
Shoe Dog: A Memoir by the Creator of NIKE,https://books.toscrape.com/catalogue/shoe-dog-a-memoir-by-the-creator-of-nike_831/index.html
Holidays on Ice,https://books.toscrape.com/catalogue/holidays-on-ice_167/index.html
The Raven King (The Raven Cycle #4),https://books.toscrape.com/catalogue/the-raven-king-the-raven-cycle-4_412/index.html
The God Delusion,https://books.toscrape.com/catalogue/the-god-delusion_444/index.html
Pride and Prejudice,https://books.toscrape.com/catalogue/pride-and-prejudice_437/index.html
Mere Christianity,https://books.toscrape.com/catalogue/mere-christianity_435/index.html
Fun Home: A Family Tragicomic,https://books.toscrape.com/catalogue/fun-home-a-family-tragicomic_428/index.html
The Midnight Watch: A Novel of the Titanic and the Californian,https://books.toscrape.com/catalogue/the-midnight-watch-a-novel-of-the-titanic-and-the-californian_640/index.html
Rook,https://books.toscrape.com/catalogue/rook_647/index.html
Unicorn Tracks,https://books.toscrape.com/catalogue/unicorn-tracks_951/index.html
When You Are Engulfed in Flames,https://books.toscrape.com/catalogue/when-you-are-engulfed-in-flames_303/index.html
The Golden Compass (His Dark Materials #1),https://books.toscrape.com/catalogue/the-golden-compass-his-dark-materials-1_445/index.html
Naked,https://books.toscrape.com/catalogue/naked_197/index.html
"Lamb: The Gospel According to Biff, Christ's Childhood Pal",https://books.toscrape.com/catalogue/lamb-the-gospel-according-to-biff-christs-childhood-pal_182/index.html
"Saga, Volume 6 (Saga (Collected Editions) #6)",https://books.toscrape.com/catalogue/saga-volume-6-saga-collected-editions-6_924/index.html
Princess Between Worlds (Wide-Awake Princess #5),https://books.toscrape.com/catalogue/princess-between-worlds-wide-awake-princess-5_919/index.html
Masks and Shadows,https://books.toscrape.com/catalogue/masks-and-shadows_909/index.html
Follow You Home,https://books.toscrape.com/catalogue/follow-you-home_809/index.html
The 10% Entrepreneur: Live Your Startup Dream Without Quitting Your Day Job,https://books.toscrape.com/catalogue/the-10-entrepreneur-live-your-startup-dream-without-quitting-your-day-job_836/index.html
"Hyperbole and a Half: Unfortunate Situations, Flawed Coping Mechanisms, Mayhem, and Other Things That Happened",https://books.toscrape.com/catalogue/hyperbole-and-a-half-unfortunate-situations-flawed-coping-mechanisms-mayhem-and-other-things-that-happened_702/index.html
The Joy of Cooking,https://books.toscrape.com/catalogue/the-joy-of-cooking_449/index.html
The Drowning Girls,https://books.toscrape.com/catalogue/the-drowning-girls_494/index.html
Security,https://books.toscrape.com/catalogue/security_925/index.html
Good in Bed (Cannie Shapiro #1),https://books.toscrape.com/catalogue/good-in-bed-cannie-shapiro-1_469/index.html
Dress Your Family in Corduroy and Denim,https://books.toscrape.com/catalogue/dress-your-family-in-corduroy-and-denim_562/index.html
Cell,https://books.toscrape.com/catalogue/cell_674/index.html
Code Name Verity (Code Name Verity #1),https://books.toscrape.com/catalogue/code-name-verity-code-name-verity-1_680/index.html
The Long Haul (Diary of a Wimpy Kid #9),https://books.toscrape.com/catalogue/the-long-haul-diary-of-a-wimpy-kid-9_757/index.html
The Glass Castle,https://books.toscrape.com/catalogue/the-glass-castle_496/index.html
Team of Rivals: The Political Genius of Abraham Lincoln,https://books.toscrape.com/catalogue/team-of-rivals-the-political-genius-of-abraham-lincoln_488/index.html
John Adams,https://books.toscrape.com/catalogue/john-adams_472/index.html
Old School (Diary of a Wimpy Kid #10),https://books.toscrape.com/catalogue/old-school-diary-of-a-wimpy-kid-10_723/index.html
I Know What I'm Doing -- and Other Lies I Tell Myself: Dispatches from a Life Under Construction,https://books.toscrape.com/catalogue/i-know-what-im-doing-and-other-lies-i-tell-myself-dispatches-from-a-life-under-construction_704/index.html
Angels Walking (Angels Walking #1),https://books.toscrape.com/catalogue/angels-walking-angels-walking-1_662/index.html
"A Series of Catastrophes and Miracles: A True Story of Love, Science, and Cancer",https://books.toscrape.com/catalogue/a-series-of-catastrophes-and-miracles-a-true-story-of-love-science-and-cancer_655/index.html
A People's History of the United States,https://books.toscrape.com/catalogue/a-peoples-history-of-the-united-states_654/index.html
Toddlers Are A**holes: It's Not Your Fault,https://books.toscrape.com/catalogue/toddlers-are-aholes-its-not-your-fault_503/index.html
A Brush of Wings (Angels Walking #3),https://books.toscrape.com/catalogue/a-brush-of-wings-angels-walking-3_651/index.html
Catastrophic Happiness: Finding Joy in Childhood's Messy Years,https://books.toscrape.com/catalogue/catastrophic-happiness-finding-joy-in-childhoods-messy-years_138/index.html
One with You (Crossfire #5),https://books.toscrape.com/catalogue/one-with-you-crossfire-5_626/index.html
Without Shame,https://books.toscrape.com/catalogue/without-shame_580/index.html
Watchmen,https://books.toscrape.com/catalogue/watchmen_579/index.html
The White Queen (The Cousins' War #1),https://books.toscrape.com/catalogue/the-white-queen-the-cousins-war-1_768/index.html
The Song of Achilles,https://books.toscrape.com/catalogue/the-song-of-achilles_762/index.html
The Immortal Life of Henrietta Lacks,https://books.toscrape.com/catalogue/the-immortal-life-of-henrietta-lacks_753/index.html
The Dovekeepers,https://books.toscrape.com/catalogue/the-dovekeepers_748/index.html
A Heartbreaking Work of Staggering Genius,https://books.toscrape.com/catalogue/a-heartbreaking-work-of-staggering-genius_115/index.html
More Than Music (Chasing the Dream #1),https://books.toscrape.com/catalogue/more-than-music-chasing-the-dream-1_716/index.html
Me Talk Pretty One Day,https://books.toscrape.com/catalogue/me-talk-pretty-one-day_193/index.html
Lust & Wonder,https://books.toscrape.com/catalogue/lust-wonder_191/index.html
The Children,https://books.toscrape.com/catalogue/the-children_633/index.html
Life Without a Recipe,https://books.toscrape.com/catalogue/life-without-a-recipe_188/index.html
A Hero's Curse (The Unseen Chronicles #1),https://books.toscrape.com/catalogue/a-heros-curse-the-unseen-chronicles-1_557/index.html
Modern Romance,https://books.toscrape.com/catalogue/modern-romance_820/index.html
23 Degrees South: A Tropical Tale of Changing Whether...,https://books.toscrape.com/catalogue/23-degrees-south-a-tropical-tale-of-changing-whether_556/index.html
Fifty Shades Freed (Fifty Shades #3),https://books.toscrape.com/catalogue/fifty-shades-freed-fifty-shades-3_156/index.html
Approval Junkie: Adventures in Caring Too Much,https://books.toscrape.com/catalogue/approval-junkie-adventures-in-caring-too-much_363/index.html
V for Vendetta (V for Vendetta Complete),https://books.toscrape.com/catalogue/v-for-vendetta-v-for-vendetta-complete_776/index.html
"Unbroken: A World War II Story of Survival, Resilience, and Redemption",https://books.toscrape.com/catalogue/unbroken-a-world-war-ii-story-of-survival-resilience-and-redemption_774/index.html
The Wright Brothers,https://books.toscrape.com/catalogue/the-wright-brothers_769/index.html
The Songs of the Gods,https://books.toscrape.com/catalogue/the-songs-of-the-gods_763/index.html
The Gray Rhino: How to Recognize and Act on the Obvious Dangers We Ignore,https://books.toscrape.com/catalogue/the-gray-rhino-how-to-recognize-and-act-on-the-obvious-dangers-we-ignore_638/index.html
Running with Scissors,https://books.toscrape.com/catalogue/running-with-scissors_215/index.html
The Third Wave: An Entrepreneur’s Vision of the Future,https://books.toscrape.com/catalogue/the-third-wave-an-entrepreneurs-vision-of-the-future_862/index.html
Lab Girl,https://books.toscrape.com/catalogue/lab-girl_595/index.html
The Art Forger,https://books.toscrape.com/catalogue/the-art-forger_930/index.html
The Argonauts,https://books.toscrape.com/catalogue/the-argonauts_837/index.html
8 Keys to Mental Health Through Exercise,https://books.toscrape.com/catalogue/8-keys-to-mental-health-through-exercise_114/index.html
M Train,https://books.toscrape.com/catalogue/m-train_598/index.html
Amatus,https://books.toscrape.com/catalogue/amatus_787/index.html
On a Midnight Clear,https://books.toscrape.com/catalogue/on-a-midnight-clear_912/index.html
"The Mindfulness and Acceptance Workbook for Anxiety: A Guide to Breaking Free from Anxiety, Phobias, and Worry Using Acceptance and Commitment Therapy",https://books.toscrape.com/catalogue/the-mindfulness-and-acceptance-workbook-for-anxiety-a-guide-to-breaking-free-from-anxiety-phobias-and-worry-using-acceptance-and-commitment-therapy_937/index.html
Judo: Seven Steps to Black Belt (an Introductory Guide for Beginners),https://books.toscrape.com/catalogue/judo-seven-steps-to-black-belt-an-introductory-guide-for-beginners_903/index.html
The Torch Is Passed: A Harding Family Story,https://books.toscrape.com/catalogue/the-torch-is-passed-a-harding-family-story_945/index.html
"Shobu Samurai, Project Aryoku (#3)",https://books.toscrape.com/catalogue/shobu-samurai-project-aryoku-3_830/index.html
"Thinking, Fast and Slow",https://books.toscrape.com/catalogue/thinking-fast-and-slow_289/index.html
Civilization and Its Discontents,https://books.toscrape.com/catalogue/civilization-and-its-discontents_140/index.html
Shadows of the Past (Logan Point #1),https://books.toscrape.com/catalogue/shadows-of-the-past-logan-point-1_541/index.html
Done Rubbed Out (Reightman & Bailey #1),https://books.toscrape.com/catalogue/done-rubbed-out-reightman-bailey-1_803/index.html
Beauty Restored (Riley Family Legacy Novellas #3),https://books.toscrape.com/catalogue/beauty-restored-riley-family-legacy-novellas-3_794/index.html
Ayumi's Violin,https://books.toscrape.com/catalogue/ayumis-violin_791/index.html
Anonymous,https://books.toscrape.com/catalogue/anonymous_790/index.html
Amy Meets the Saints and Sages,https://books.toscrape.com/catalogue/amy-meets-the-saints-and-sages_789/index.html
Close to You,https://books.toscrape.com/catalogue/close-to-you_798/index.html
An Unquiet Mind: A Memoir of Moods and Madness,https://books.toscrape.com/catalogue/an-unquiet-mind-a-memoir-of-moods-and-madness_422/index.html
Redeeming Love,https://books.toscrape.com/catalogue/redeeming-love_826/index.html
The Lucifer Effect: Understanding How Good People Turn Evil,https://books.toscrape.com/catalogue/the-lucifer-effect-understanding-how-good-people-turn-evil_758/index.html
Drive: The Surprising Truth About What Motivates Us,https://books.toscrape.com/catalogue/drive-the-surprising-truth-about-what-motivates-us_804/index.html
The Golden Condom: And Other Essays on Love Lost and Found,https://books.toscrape.com/catalogue/the-golden-condom-and-other-essays-on-love-lost-and-found_637/index.html
The Book of Basketball: The NBA According to The Sports Guy,https://books.toscrape.com/catalogue/the-book-of-basketball-the-nba-according-to-the-sports-guy_232/index.html
It Didn't Start with You: How Inherited Family Trauma Shapes Who We Are and How to End the Cycle,https://books.toscrape.com/catalogue/it-didnt-start-with-you-how-inherited-family-trauma-shapes-who-we-are-and-how-to-end-the-cycle_593/index.html
"Friday Night Lights: A Town, a Team, and a Dream",https://books.toscrape.com/catalogue/friday-night-lights-a-town-a-team-and-a-dream_158/index.html
Sugar Rush (Offensive Line #2),https://books.toscrape.com/catalogue/sugar-rush-offensive-line-2_108/index.html
Settling the Score (The Summer Games #1),https://books.toscrape.com/catalogue/settling-the-score-the-summer-games-1_50/index.html
The Art Book,https://books.toscrape.com/catalogue/the-art-book_490/index.html
Miss Peregrine’s Home for Peculiar Children (Miss Peregrine’s Peculiar Children #1),https://books.toscrape.com/catalogue/miss-peregrines-home-for-peculiar-children-miss-peregrines-peculiar-children-1_819/index.html
Large Print Heart of the Pride,https://books.toscrape.com/catalogue/large-print-heart-of-the-pride_815/index.html
Grumbles,https://books.toscrape.com/catalogue/grumbles_812/index.html
First Steps for New Christians (Print Edition),https://books.toscrape.com/catalogue/first-steps-for-new-christians-print-edition_808/index.html
Eureka Trivia 6.0,https://books.toscrape.com/catalogue/eureka-trivia-60_805/index.html
All products,https://books.toscrape.com/catalogue/page-3.html
Ways of Seeing,https://books.toscrape.com/catalogue/ways-of-seeing_94/index.html
Having the Barbarian's Baby (Ice Planet Barbarians #7.5),https://books.toscrape.com/catalogue/having-the-barbarians-baby-ice-planet-barbarians-75_23/index.html
The Story of Art,https://books.toscrape.com/catalogue/the-story-of-art_500/index.html
Art and Fear: Observations on the Perils (and Rewards) of Artmaking,https://books.toscrape.com/catalogue/art-and-fear-observations-on-the-perils-and-rewards-of-artmaking_559/index.html
The New Drawing on the Right Side of the Brain,https://books.toscrape.com/catalogue/the-new-drawing-on-the-right-side-of-the-brain_550/index.html
History of Beauty,https://books.toscrape.com/catalogue/history-of-beauty_521/index.html
Poses for Artists Volume 1 - Dynamic and Sitting Poses: An Essential Reference for Figure Drawing and the Human Form,https://books.toscrape.com/catalogue/poses-for-artists-volume-1-dynamic-and-sitting-poses-an-essential-reference-for-figure-drawing-and-the-human-form_825/index.html
Icing (Aces Hockey #2),https://books.toscrape.com/catalogue/icing-aces-hockey-2_25/index.html
"Life, the Universe and Everything (Hitchhiker's Guide to the Galaxy #3)",https://books.toscrape.com/catalogue/life-the-universe-and-everything-hitchhikers-guide-to-the-galaxy-3_189/index.html
Dune (Dune #1),https://books.toscrape.com/catalogue/dune-dune-1_151/index.html
Do Androids Dream of Electric Sheep? (Blade Runner #1),https://books.toscrape.com/catalogue/do-androids-dream-of-electric-sheep-blade-runner-1_149/index.html
Three Wishes (River of Time: California #1),https://books.toscrape.com/catalogue/three-wishes-river-of-time-california-1_89/index.html
The Last Girl (The Dominion Trilogy #1),https://books.toscrape.com/catalogue/the-last-girl-the-dominion-trilogy-1_70/index.html
Feathers: Displays of Brilliant Plumage,https://books.toscrape.com/catalogue/feathers-displays-of-brilliant-plumage_695/index.html
Behind Closed Doors,https://books.toscrape.com/catalogue/behind-closed-doors_962/index.html
13 Hours: The Inside Account of What Really Happened In Benghazi,https://books.toscrape.com/catalogue/13-hours-the-inside-account-of-what-really-happened-in-benghazi_645/index.html
Abstract City,https://books.toscrape.com/catalogue/abstract-city_658/index.html
The Art of War,https://books.toscrape.com/catalogue/the-art-of-war_838/index.html
Ready Player One,https://books.toscrape.com/catalogue/ready-player-one_209/index.html
All products,https://books.toscrape.com/catalogue/page-4.html
The Past Never Ends,https://books.toscrape.com/catalogue/the-past-never-ends_942/index.html
All products,https://books.toscrape.com/catalogue/page-1.html
The Secret of Dreadwillow Carse,https://books.toscrape.com/catalogue/the-secret-of-dreadwillow-carse_944/index.html
"Vampire Knight, Vol. 1 (Vampire Knight #1)",https://books.toscrape.com/catalogue/vampire-knight-vol-1-vampire-knight-1_93/index.html
The Crossover,https://books.toscrape.com/catalogue/the-crossover_398/index.html
Booked,https://books.toscrape.com/catalogue/booked_365/index.html
Brain on Fire: My Month of Madness,https://books.toscrape.com/catalogue/brain-on-fire-my-month-of-madness_669/index.html
Soft Apocalypse,https://books.toscrape.com/catalogue/soft-apocalypse_833/index.html
Sleeping Giants (Themis Files #1),https://books.toscrape.com/catalogue/sleeping-giants-themis-files-1_604/index.html
Arena,https://books.toscrape.com/catalogue/arena_587/index.html
The Restaurant at the End of the Universe (Hitchhiker's Guide to the Galaxy #2),https://books.toscrape.com/catalogue/the-restaurant-at-the-end-of-the-universe-hitchhikers-guide-to-the-galaxy-2_275/index.html
Foundation (Foundation (Publication Order) #1),https://books.toscrape.com/catalogue/foundation-foundation-publication-order-1_375/index.html
The Collected Poems of W.B. Yeats (The Collected Works of W.B. Yeats #1),https://books.toscrape.com/catalogue/the-collected-poems-of-wb-yeats-the-collected-works-of-wb-yeats-1_441/index.html
Twenty Love Poems and a Song of Despair,https://books.toscrape.com/catalogue/twenty-love-poems-and-a-song-of-despair_91/index.html
Let It Out: A Journey Through Journaling,https://books.toscrape.com/catalogue/let-it-out-a-journey-through-journaling_708/index.html
Hamilton: The Revolution,https://books.toscrape.com/catalogue/hamilton-the-revolution_699/index.html
"Far & Away: Places on the Brink of Change: Seven Continents, Twenty-Five Years",https://books.toscrape.com/catalogue/far-away-places-on-the-brink-of-change-seven-continents-twenty-five-years_694/index.html
"Eaternity: More than 150 Deliciously Easy Vegan Recipes for a Long, Healthy, Satisfied, Joyful Life",https://books.toscrape.com/catalogue/eaternity-more-than-150-deliciously-easy-vegan-recipes-for-a-long-healthy-satisfied-joyful-life_689/index.html
The Project,https://books.toscrape.com/catalogue/the-project_856/index.html
The Great Railway Bazaar,https://books.toscrape.com/catalogue/the-great-railway-bazaar_446/index.html
My Mrs. Brown,https://books.toscrape.com/catalogue/my-mrs-brown_719/index.html
"Quarter Life Poetry: Poems for the Young, Broke and Hangry",https://books.toscrape.com/catalogue/quarter-life-poetry-poems-for-the-young-broke-and-hangry_727/index.html
Out of Print: City Lights Spotlight No. 14,https://books.toscrape.com/catalogue/out-of-print-city-lights-spotlight-no-14_536/index.html
Les Fleurs du Mal,https://books.toscrape.com/catalogue/les-fleurs-du-mal_530/index.html
Howl and Other Poems,https://books.toscrape.com/catalogue/howl-and-other-poems_522/index.html
Buying In: The Secret Dialogue Between What We Buy and Who We Are,https://books.toscrape.com/catalogue/buying-in-the-secret-dialogue-between-what-we-buy-and-who-we-are_670/index.html
Looking for Lovely: Collecting the Moments that Matter,https://books.toscrape.com/catalogue/looking-for-lovely-collecting-the-moments-that-matter_710/index.html
Leave This Song Behind: Teen Poetry at Its Best,https://books.toscrape.com/catalogue/leave-this-song-behind-teen-poetry-at-its-best_474/index.html
The Girl on the Train,https://books.toscrape.com/catalogue/the-girl-on-the-train_844/index.html
The Emerald Mystery,https://books.toscrape.com/catalogue/the-emerald-mystery_842/index.html
salt.,https://books.toscrape.com/catalogue/salt_731/index.html
"William Shakespeare's Star Wars: Verily, A New Hope (William Shakespeare's Star Wars #4)",https://books.toscrape.com/catalogue/william-shakespeares-star-wars-verily-a-new-hope-william-shakespeares-star-wars-4_871/index.html
The Bridge to Consciousness: I'm Writing the Bridge Between Science and Our Old and New Beliefs.,https://books.toscrape.com/catalogue/the-bridge-to-consciousness-im-writing-the-bridge-between-science-and-our-old-and-new-beliefs_840/index.html
Join,https://books.toscrape.com/catalogue/join_902/index.html
The Year of Magical Thinking,https://books.toscrape.com/catalogue/the-year-of-magical-thinking_770/index.html
The Literature Book (Big Ideas Simply Explained),https://books.toscrape.com/catalogue/the-literature-book-big-ideas-simply-explained_755/index.html
The Bad-Ass Librarians of Timbuktu: And Their Race to Save the World’s Most Precious Manuscripts,https://books.toscrape.com/catalogue/the-bad-ass-librarians-of-timbuktu-and-their-race-to-save-the-worlds-most-precious-manuscripts_745/index.html
Swell: A Year of Waves,https://books.toscrape.com/catalogue/swell-a-year-of-waves_740/index.html
The Kite Runner,https://books.toscrape.com/catalogue/the-kite-runner_847/index.html
No Dream Is Too High: Life Lessons From a Man Who Walked on the Moon,https://books.toscrape.com/catalogue/no-dream-is-too-high-life-lessons-from-a-man-who-walked-on-the-moon_722/index.html
Mr. Mercedes (Bill Hodges Trilogy #1),https://books.toscrape.com/catalogue/mr-mercedes-bill-hodges-trilogy-1_717/index.html
I Am Pilgrim (Pilgrim #1),https://books.toscrape.com/catalogue/i-am-pilgrim-pilgrim-1_703/index.html
Poems That Make Grown Women Cry,https://books.toscrape.com/catalogue/poems-that-make-grown-women-cry_824/index.html
Night Sky with Exit Wounds,https://books.toscrape.com/catalogue/night-sky-with-exit-wounds_822/index.html
The Testament of Mary,https://books.toscrape.com/catalogue/the-testament-of-mary_765/index.html
What's It Like in Space?: Stories from Astronauts Who've Been There,https://books.toscrape.com/catalogue/whats-it-like-in-space-stories-from-astronauts-whove-been-there_779/index.html
Tracing Numbers on a Train,https://books.toscrape.com/catalogue/tracing-numbers-on-a-train_869/index.html
"A Piece of Sky, a Grain of Rice: A Memoir in Four Meditations",https://books.toscrape.com/catalogue/a-piece-of-sky-a-grain-of-rice-a-memoir-in-four-meditations_878/index.html
Thirteen Reasons Why,https://books.toscrape.com/catalogue/thirteen-reasons-why_866/index.html
The Secret (The Secret #1),https://books.toscrape.com/catalogue/the-secret-the-secret-1_859/index.html
The Psychopath Test: A Journey Through the Madness Industry,https://books.toscrape.com/catalogue/the-psychopath-test-a-journey-through-the-madness-industry_857/index.html
The First Hostage (J.B. Collins #2),https://books.toscrape.com/catalogue/the-first-hostage-jb-collins-2_749/index.html
Take Me with You,https://books.toscrape.com/catalogue/take-me-with-you_741/index.html
"Daring Greatly: How the Courage to Be Vulnerable Transforms the Way We Live, Love, Parent, and Lead",https://books.toscrape.com/catalogue/daring-greatly-how-the-courage-to-be-vulnerable-transforms-the-way-we-live-love-parent-and-lead_799/index.html
Big Magic: Creative Living Beyond Fear,https://books.toscrape.com/catalogue/big-magic-creative-living-beyond-fear_796/index.html
Becoming Wise: An Inquiry into the Mystery and Art of Living,https://books.toscrape.com/catalogue/becoming-wise-an-inquiry-into-the-mystery-and-art-of-living_795/index.html
Agnostic: A Spirited Manifesto,https://books.toscrape.com/catalogue/agnostic-a-spirited-manifesto_786/index.html
Whole Lotta Creativity Going On: 60 Fun and Unusual Exercises to Awaken and Strengthen Your Creativity,https://books.toscrape.com/catalogue/whole-lotta-creativity-going-on-60-fun-and-unusual-exercises-to-awaken-and-strengthen-your-creativity_780/index.html
Still Life with Bread Crumbs,https://books.toscrape.com/catalogue/still-life-with-bread-crumbs_738/index.html
Shtum,https://books.toscrape.com/catalogue/shtum_733/index.html
A World of Flavor: Your Gluten Free Passport,https://books.toscrape.com/catalogue/a-world-of-flavor-your-gluten-free-passport_879/index.html
My Name Is Lucy Barton,https://books.toscrape.com/catalogue/my-name-is-lucy-barton_720/index.html
Charlie and the Chocolate Factory (Charlie Bucket #1),https://books.toscrape.com/catalogue/charlie-and-the-chocolate-factory-charlie-bucket-1_13/index.html
Tuesday Nights in 1980,https://books.toscrape.com/catalogue/tuesday-nights-in-1980_870/index.html
The Vacationers,https://books.toscrape.com/catalogue/the-vacationers_863/index.html
The Regional Office Is Under Attack!,https://books.toscrape.com/catalogue/the-regional-office-is-under-attack_858/index.html
The Time Keeper,https://books.toscrape.com/catalogue/the-time-keeper_766/index.html
Finders Keepers (Bill Hodges Trilogy #2),https://books.toscrape.com/catalogue/finders-keepers-bill-hodges-trilogy-2_807/index.html
Bossypants,https://books.toscrape.com/catalogue/bossypants_883/index.html
Full Moon over Noah’s Ark: An Odyssey to Mount Ararat and Beyond,https://books.toscrape.com/catalogue/full-moon-over-noahs-ark-an-odyssey-to-mount-ararat-and-beyond_811/index.html
Green Eggs and Ham (Beginner Books B-16),https://books.toscrape.com/catalogue/green-eggs-and-ham-beginner-books-b-16_165/index.html
Counting Thyme,https://books.toscrape.com/catalogue/counting-thyme_142/index.html
Are We There Yet?,https://books.toscrape.com/catalogue/are-we-there-yet_122/index.html
Diary of a Minecraft Zombie Book 1: A Scare of a Dare (An Unofficial Minecraft Book),https://books.toscrape.com/catalogue/diary-of-a-minecraft-zombie-book-1-a-scare-of-a-dare-an-unofficial-minecraft-book_99/index.html
Matilda,https://books.toscrape.com/catalogue/matilda_32/index.html
Vagabonding: An Uncommon Guide to the Art of Long-Term World Travel,https://books.toscrape.com/catalogue/vagabonding-an-uncommon-guide-to-the-art-of-long-term-world-travel_552/index.html
See America: A Celebration of Our National Parks & Treasured Sites,https://books.toscrape.com/catalogue/see-america-a-celebration-of-our-national-parks-treasured-sites_732/index.html
Under the Tuscan Sun,https://books.toscrape.com/catalogue/under-the-tuscan-sun_504/index.html
A Summer In Europe,https://books.toscrape.com/catalogue/a-summer-in-europe_458/index.html
Eligible (The Austen Project #4),https://books.toscrape.com/catalogue/eligible-the-austen-project-4_692/index.html
All products,https://books.toscrape.com/catalogue/page-5.html
"Rat Queens, Vol. 3: Demons (Rat Queens (Collected Editions) #11-15)",https://books.toscrape.com/catalogue/rat-queens-vol-3-demons-rat-queens-collected-editions-11-15_921/index.html
A Year in Provence (Provence #1),https://books.toscrape.com/catalogue/a-year-in-provence-provence-1_421/index.html
The Road to Little Dribbling: Adventures of an American in Britain (Notes From a Small Island #2),https://books.toscrape.com/catalogue/the-road-to-little-dribbling-adventures-of-an-american-in-britain-notes-from-a-small-island-2_277/index.html
The Edge of Reason (Bridget Jones #2),https://books.toscrape.com/catalogue/the-edge-of-reason-bridget-jones-2_63/index.html
Horrible Bear!,https://books.toscrape.com/catalogue/horrible-bear_168/index.html
Bridget Jones's Diary (Bridget Jones #1),https://books.toscrape.com/catalogue/bridget-joness-diary-bridget-jones-1_10/index.html
Neither Here nor There: Travels in Europe,https://books.toscrape.com/catalogue/neither-here-nor-there-travels-in-europe_198/index.html
"1,000 Places to See Before You Die",https://books.toscrape.com/catalogue/1000-places-to-see-before-you-die_1/index.html
Reskilling America: Learning to Labor in the Twenty-First Century,https://books.toscrape.com/catalogue/reskilling-america-learning-to-labor-in-the-twenty-first-century_922/index.html
"Saga, Volume 5 (Saga (Collected Editions) #5)",https://books.toscrape.com/catalogue/saga-volume-5-saga-collected-editions-5_923/index.html
Sister Dear,https://books.toscrape.com/catalogue/sister-dear_485/index.html
Memoirs of a Geisha,https://books.toscrape.com/catalogue/memoirs-of-a-geisha_477/index.html
Me Before You (Me Before You #1),https://books.toscrape.com/catalogue/me-before-you-me-before-you-1_434/index.html
The Cat in the Hat (Beginner Books B-1),https://books.toscrape.com/catalogue/the-cat-in-the-hat-beginner-books-b-1_235/index.html
Red: The True Story of Red Riding Hood,https://books.toscrape.com/catalogue/red-the-true-story-of-red-riding-hood_210/index.html
Soul Reader,https://books.toscrape.com/catalogue/soul-reader_926/index.html
Spark Joy: An Illustrated Master Class on the Art of Organizing and Tidying Up,https://books.toscrape.com/catalogue/spark-joy-an-illustrated-master-class-on-the-art-of-organizing-and-tidying-up_927/index.html
The Electric Pencil: Drawings from Inside State Hospital No. 3,https://books.toscrape.com/catalogue/the-electric-pencil-drawings-from-inside-state-hospital-no-3_933/index.html
The Death of Humanity: and the Case for Life,https://books.toscrape.com/catalogue/the-death-of-humanity-and-the-case-for-life_932/index.html
The Gutsy Girl: Escapades for Your Life of Epic Adventure,https://books.toscrape.com/catalogue/the-gutsy-girl-escapades-for-your-life-of-epic-adventure_934/index.html
"The Inefficiency Assassin: Time Management Tactics for Working Smarter, Not Longer",https://books.toscrape.com/catalogue/the-inefficiency-assassin-time-management-tactics-for-working-smarter-not-longer_935/index.html
The Guernsey Literary and Potato Peel Pie Society,https://books.toscrape.com/catalogue/the-guernsey-literary-and-potato-peel-pie-society_253/index.html
The Bourne Identity (Jason Bourne #1),https://books.toscrape.com/catalogue/the-bourne-identity-jason-bourne-1_492/index.html
The Undomestic Goddess,https://books.toscrape.com/catalogue/the-undomestic-goddess_286/index.html
The Devil Wears Prada (The Devil Wears Prada #1),https://books.toscrape.com/catalogue/the-devil-wears-prada-the-devil-wears-prada-1_243/index.html
The Nanny Diaries (Nanny #1),https://books.toscrape.com/catalogue/the-nanny-diaries-nanny-1_265/index.html
Something Borrowed (Darcy & Rachel #1),https://books.toscrape.com/catalogue/something-borrowed-darcy-rachel-1_224/index.html
Something Blue (Darcy & Rachel #2),https://books.toscrape.com/catalogue/something-blue-darcy-rachel-2_223/index.html
I've Got Your Number,https://books.toscrape.com/catalogue/ive-got-your-number_173/index.html
11/22/63,https://books.toscrape.com/catalogue/112263_583/index.html
The Shack,https://books.toscrape.com/catalogue/the-shack_576/index.html
The High Mountains of Portugal,https://books.toscrape.com/catalogue/the-high-mountains-of-portugal_547/index.html
Miller's Valley,https://books.toscrape.com/catalogue/millers-valley_534/index.html
Hystopia: A Novel,https://books.toscrape.com/catalogue/hystopia-a-novel_523/index.html
The Last Painting of Sara de Vos,https://books.toscrape.com/catalogue/the-last-painting-of-sara-de-vos_259/index.html
Girl in the Blue Coat,https://books.toscrape.com/catalogue/girl-in-the-blue-coat_160/index.html
Forever Rockers (The Rocker #12),https://books.toscrape.com/catalogue/forever-rockers-the-rocker-12_19/index.html
The Passion of Dolssa,https://books.toscrape.com/catalogue/the-passion-of-dolssa_351/index.html
World Without End (The Pillars of the Earth #2),https://books.toscrape.com/catalogue/world-without-end-the-pillars-of-the-earth-2_420/index.html
Girl With a Pearl Earring,https://books.toscrape.com/catalogue/girl-with-a-pearl-earring_322/index.html
The Little Prince,https://books.toscrape.com/catalogue/the-little-prince_72/index.html
Sense and Sensibility,https://books.toscrape.com/catalogue/sense-and-sensibility_49/index.html
The Red Tent,https://books.toscrape.com/catalogue/the-red-tent_273/index.html
Daredevils,https://books.toscrape.com/catalogue/daredevils_590/index.html
Old Records Never Die: One Man's Quest for His Vinyl and His Past,https://books.toscrape.com/catalogue/old-records-never-die-one-mans-quest-for-his-vinyl-and-his-past_39/index.html
